LitterSize,prob,se
2,0.545454545,0
3,0.272727273,0
4,0.181818182,0
