sex,socialStat,s,se
F,Kitten,0.973459644,0.01356317
F,SubAdult,0.980558703,0.008975
F,Adult,0.972105504,0.006662989
M,Kitten,0.973459644,0.01356317
M,SubAdult,0.953561466,0.015911771
M,Adult,0.958346882,0.017425026
